{
  "goal_reach_rate": [1.0, 1.0, 1.0, 1.0, 1.0, 1.0, 1.0, 1.0, 1.0],
  "collision_count": [4.5, 22.1, 20.7, 54.1, 72.4, 109.7, 141.7, 181.3, 224.6],
  "success_rate": [
    0.31000000000000005, 0.07, 0.23666666666666666, 0.07, 0.04,
    0.023333333333333334, 0.008571428571428572, 0.0075000000000000015,
    0.0044444444444444444
  ],
  "runtime_avg": [
    0.7619841201359412, 0.7471173289255671, 0.7638765819361151,
    0.7857137292548824, 0.8605668457228821, 0.8370130090919945,
    0.8439468288979712, 0.8395359253260561, 0.8459192363591201
  ],
  "runtime_ci": [
    0.01020423520509555, 0.009879360706770762, 0.008949101272342667,
    0.021559317544962302, 0.014307322384011866, 0.006168437282974492,
    0.007225401203283194, 0.0051684639795911425, 0.004303064019503468
  ],
  "makespan": [
    50.628, 50.978, 51.375, 51.17200000000001, 51.32000000000001,
    51.32899999999999, 51.43800000000001, 51.887, 51.588
  ],
  "makespan_ci": [
    0.3366958261695568, 0.2821147499865962, 0.3777693444418171,
    0.21809437076641855, 0.27052260534010797, 0.30876625955567083,
    0.16021246693063612, 0.3387235004542792, 0.15189178042277335
  ],
  "instance_name": [
    "Circle10",
    "Circle20",
    "Circle30",
    "Circle40",
    "Circle50",
    "Circle60",
    "Circle70",
    "Circle80",
    "Circle90"
  ]
}
