{
  "N": 10,
  "Ncmd": 10,
  "test": "default",
  "solver": "qpoases",
  "po": [
    [14.4, 0.0, 1.0],
    [11.649844718999244, 8.464107633011613, 1.0],
    [4.449844718999244, 13.695213834650211, 1.0],
    [-4.449844718999242, 13.695213834650213, 1.0],
    [-11.649844718999242, 8.464107633011615, 1.0],
    [-14.4, 1.7634913907721887e-15, 1.0],
    [-11.649844718999246, -8.464107633011611, 1.0],
    [-4.449844718999245, -13.695213834650211, 1.0],
    [4.44984471899924, -13.695213834650213, 1.0],
    [11.649844718999242, -8.464107633011617, 1.0]
  ],
  "pf": [
    [-14.4, 1.7634913907721887e-15, 1.0],
    [-11.649844718999246, -8.464107633011611, 1.0],
    [-4.449844718999245, -13.695213834650211, 1.0],
    [4.44984471899924, -13.695213834650213, 1.0],
    [11.649844718999242, -8.464107633011617, 1.0],
    [14.4, -3.5269827815443773e-15, 1.0],
    [11.649844718999246, 8.46410763301161, 1.0],
    [4.449844718999247, 13.695213834650211, 1.0],
    [-4.4498447189992385, 13.695213834650213, 1.0],
    [-11.64984471899924, 8.464107633011617, 1.0]
  ],

  "d": 5,
  "num_segments": 3,
  "deg_poly": 3,
  "dim": 3,
  "t_segment": 0.5,

  "zeta_xy": 0.6502,
  "tau_xy": 0.3815,
  "zeta_z": 0.9103,
  "tau_z": 0.3,

  "k_hor": 16,
  "h": 0.1,
  "ts": 0.01,

  "s_free": 100,
  "s_obs": 100,
  "s_repel": 1000,
  "spd_f": 3,
  "spd_o": 1,
  "spd_r": 10,
  "lin_coll": -50000,
  "quad_coll": 1,
  "acc_cost": 0.008,

  "pmin": [-15, -15, 0.1],
  "pmax": [15, 15, 8],
  "amin": [-1.0, -1.0, -1.0],
  "amax": [1.0, 1.0, 1.0],

  "rmin": 0.3,
  "order": 2,
  "height_scaling": 2.0,

  "rmin_obs": 0.5,
  "order_obs": 2,
  "height_scaling_obs": 4.0,

  "std_position": 0.00228682,
  "std_velocity": 0.0109302
}
