{
  "N": 33,
  "Ncmd": 30,
  "test": "default",
  "solver": "qpoases",
  "po": [
    [-0.503523, 2.387046, 1.0],
    [0.605409, 2.259398, 1.0],
    [1.531816, 2.213917, 1.0],
    [2.516018, 2.109534, 1.0],
    [3.338134, 1.983654, 1.0],
    [4.049618, 1.773347, 1.0],
    [4.777025, 1.405058, 1.0],
    [5.259958, 0.76025, 1.0],
    [5.341745, -0.627822, 1.0],
    [4.942385, -1.387763, 1.0],
    [4.219463, -2.208267, 1.0],
    [3.41903, -2.620691, 1.0],
    [2.559939, -2.779509, 1.0],
    [1.564794, -2.905562, 1.0],
    [0.485361, -3.040233, 1.0],
    [-0.34557, -3.214932, 1.0],
    [-1.442215, -3.138319, 1.0],
    [-2.414149, -3.04728, 1.0],
    [-3.332058, -2.953488, 1.0],
    [-4.15853, -2.661223, 1.0],
    [-4.752863, -2.17551, 1.0],
    [-5.185679, -1.60141, 1.0],
    [-5.587317, -0.855014, 1.0],
    [-5.648813, 0.451393, 1.0],
    [-5.181974, 1.081534, 1.0],
    [-4.571836, 1.529454, 1.0],
    [-3.995126, 1.711806, 1.0],
    [-3.205615, 1.855556, 1.0],
    [-2.308047, 2.022393, 1.0],
    [-1.37404, 2.172348, 1.0],
    [-0.95, -0.45, 0.6],
    [0.75, -0.95, 0.6],
    [0.05, 0.85, 0.6]
  ],
  "pf": [
    [-0.34557, -3.214932, 1.0],
    [-1.442215, -3.138319, 1.0],
    [-2.414149, -3.04728, 1.0],
    [-3.332058, -2.953488, 1.0],
    [-4.15853, -2.661223, 1.0],
    [-4.752863, -2.17551, 1.0],
    [-5.185679, -1.60141, 1.0],
    [-5.587317, -0.855014, 1.0],
    [-5.648813, 0.451393, 1.0],
    [-5.181974, 1.081534, 1.0],
    [-4.571836, 1.529454, 1.0],
    [-3.995126, 1.711806, 1.0],
    [-3.205615, 1.855556, 1.0],
    [-2.308047, 2.022393, 1.0],
    [-1.37404, 2.172348, 1.0],
    [-0.503523, 2.387046, 1.0],
    [0.605409, 2.259398, 1.0],
    [1.531816, 2.213917, 1.0],
    [2.516018, 2.109534, 1.0],
    [3.338134, 1.983654, 1.0],
    [4.049618, 1.773347, 1.0],
    [4.777025, 1.405058, 1.0],
    [5.259958, 0.76025, 1.0],
    [5.341745, -0.627822, 1.0],
    [4.942385, -1.387763, 1.0],
    [4.219463, -2.208267, 1.0],
    [3.41903, -2.620691, 1.0],
    [2.559939, -2.779509, 1.0],
    [1.564794, -2.905562, 1.0],
    [0.485361, -3.040233, 1.0]
  ],
  "d": 5,
  "num_segments": 3,
  "deg_poly": 3,
  "dim": 3,
  "t_segment": 0.5,
  "zeta_xy": 0.6502,
  "tau_xy": 0.3815,
  "zeta_z": 0.9103,
  "tau_z": 0.3,
  "k_hor": 16,
  "h": 0.1,
  "ts": 0.01,
  "s_free": 100,
  "s_obs": 1000,
  "s_repel": 10000,
  "spd_f": 3,
  "spd_o": 1,
  "spd_r": 10,
  "lin_coll": -100000,
  "quad_coll": 1,
  "acc_cost": 0.008,
  "pmin": [-6.283, -3.846, 0.1],
  "pmax": [6.262, 3.785, 2.8],
  "amin": [-1.0, -1.0, -1.0],
  "amax": [1.0, 1.0, 1.0],
  "rmin": 0.3,
  "order": 2,
  "height_scaling": 2.0,
  "rmin_obs": 0.15,
  "order_obs": 2,
  "height_scaling_obs": 4,
  "std_position": 0.00228682,
  "std_velocity": 0.0109302
}
